https://www.coursera.org/learn/calculus1, Calculus One, 1, 2
https://www.coursera.org/learn/advanced-calculus, Calculus Two: Sequences and Series, 1, 2
https://www.coursera.org/course/calcsing, Calculus: Single Variable, 1, 2
https://www.coursera.org/course/statreasoning, Statistical Reasoning for Public Health 1, 1, 3
https://www.coursera.org/course/statistics101, Introduction to Statistics for the Social Sciences, 1, 3
https://www.coursera.org/course/smac, Statistical Mechanics: Algorithms and Computations, 1, 3
https://www.coursera.org/course/statreasoning2, Statistical Reasoning for Public Health 2, 1, 3
https://www.coursera.org/course/statinference, Statistical Inference, 1, 3
https://www.coursera.org/course/algebra, Intermediate Algebra, 1, 1
https://www.khanacademy.org/math/differential-calculus, Differential calculus, 1, 2
https://www.khanacademy.org/math/integral-calculus, Integral calculus, 1, 2
https://www.khanacademy.org/math/multivariable-calculus, Multivariable calculus, 1, 2
https://www.khanacademy.org/math/algebra, Algebra I, 1, 1
https://www.khanacademy.org/math/algebra-basics, Algebra basics, 1, 1
https://www.khanacademy.org/math/algebra2, Algebra II, 1, 1
https://www.khanacademy.org/math/probability, Probability and statistics, 1, 3
